Hour,FPR_Query,FNR_Query,FPR_Insert,FNR_Insert,FPR_Delete,FNR_Delete,Inserts,Deletes,Queries,Insert_Rate,Delete_Rate,Query_Rate
1,0,0,0,0.0004,0,0,2721,384,824,6.5884,0.9298,1.9952
2,0,0,0,0,0.0024,0,2702,416,811,6.5424,1.0073,1.9637
3,0,0,0,0.0004,0,0,2736,416,777,6.6247,1.0073,1.8814
4,0,0,0,0,0,0,2712,392,825,6.5666,0.9492,1.9976
5,0,0,0,0.0004,0,0,2697,398,834,6.5303,0.9637,2.0194
6,0,0,0,0.0004,0,0,2764,369,796,6.6925,0.8935,1.9274
7,0,0,0,0.0004,0,0,2748,383,798,6.6538,0.9274,1.9322
8,0,0,0,0.0004,0,0,2724,415,790,6.5956,1.0048,1.9128
9,0,0,0,0.0004,0,0,2742,400,787,6.6392,0.9685,1.9056
10,0,0,0,0.0004,0,0,2762,378,789,6.6877,0.9153,1.9104
11,0,0,0,0.0004,0,0,2763,442,724,6.6901,1.0702,1.753
12,0,0,0,0.0004,0,0,2754,372,803,6.6683,0.9007,1.9443
13,0,0,0,0.0004,0,0,2733,402,794,6.6174,0.9734,1.9225
14,0,0,0,0.0004,0,0,2775,378,776,6.7191,0.9153,1.8789
15,0,0,0,0.0004,0,0,2813,346,770,6.8111,0.8378,1.8644
16,0,0,0,0,0,0,2760,376,793,6.6828,0.9104,1.9201
17,0,0,0,0.0004,0,0,2772,355,802,6.7119,0.8596,1.9419
18,0,0,0,0.0004,0,0,2745,427,757,6.6465,1.0339,1.8329
19,0,0,0,0.0004,0,0,2698,413,818,6.5327,1,1.9806
20,0,0,0,0.0004,0,0,2759,377,793,6.6804,0.9128,1.9201
21,0,0,0,0,0,0,2744,411,774,6.6441,0.9952,1.8741
22,0,0,0,0.0004,0,0,2792,384,753,6.7603,0.9298,1.8232
23,0,0,0,0.0004,0,0,2776,381,772,6.7215,0.9225,1.8692
24,0,0,0,0,0,0,2755,409,765,6.6707,0.9903,1.8523
25,0,0,0,0.0004,0,0,2718,447,764,6.5811,1.0823,1.8499
26,0,0,0,0.0004,0,0,2781,392,756,6.7337,0.9492,1.8305
27,0,0,0,0.0004,0,0,2756,383,790,6.6731,0.9274,1.9128
28,0,0,0,0,0,0,2738,356,835,6.6295,0.862,2.0218
29,0,0,0,0.0004,0,0,2741,400,788,6.6368,0.9685,1.908
30,0,0,0,0,0,0,2694,401,834,6.523,0.9709,2.0194
31,0,0,0,0.0004,0,0,2727,411,791,6.6029,0.9952,1.9153
32,0,0,0,0.0004,0,0,2792,366,771,6.7603,0.8862,1.8668
33,0,0,0,0.0004,0,0,2709,414,806,6.5593,1.0024,1.9516
34,0,0,0,0.0004,0,0,2756,369,804,6.6731,0.8935,1.9467
35,0,0,0,0.0004,0,0,2686,423,820,6.5036,1.0242,1.9855
36,0,0,0,0.0004,0,0,2724,385,820,6.5956,0.9322,1.9855
37,0,0,0,0,0,0,2775,403,751,6.7191,0.9758,1.8184
38,0,0,0,0.0004,0,0,2797,381,751,6.7724,0.9225,1.8184
39,0,0,0,0.0004,0,0,2752,391,786,6.6634,0.9467,1.9031
40,0,0,0,0.0004,0,0,2750,410,769,6.6586,0.9927,1.862
41,0,0,0,0,0,0,2723,385,821,6.5932,0.9322,1.9879
42,0,0,0,0.0004,0,0,2738,373,818,6.6295,0.9031,1.9806
43,0,0,0,0.0004,0,0,2805,361,763,6.7918,0.8741,1.8475
44,0,0,0,0.0004,0,0,2728,417,784,6.6053,1.0097,1.8983
45,0,0,0,0,0,0,2726,430,773,6.6005,1.0412,1.8717
46,0,0,0,0.0004,0,0,2794,391,744,6.7651,0.9467,1.8015
47,0,0,0,0.0004,0,0,2746,398,785,6.6489,0.9637,1.9007
48,0,0,0,0.0004,0,0,2693,393,843,6.5206,0.9516,2.0412
49,0,0,0,0.0004,0,0,2745,411,773,6.6465,0.9952,1.8717
50,0,0,0,0.0004,0,0,2760,376,793,6.6828,0.9104,1.9201
51,0,0,0,0.0004,0,0,2733,416,780,6.6174,1.0073,1.8886
52,0,0,0,0,0,0,2714,415,800,6.5714,1.0048,1.937
53,0,0,0,0.0004,0,0,2757,412,760,6.6755,0.9976,1.8402
54,0,0,0,0.0004,0,0,2767,411,751,6.6998,0.9952,1.8184
55,0,0,0,0.0004,0,0,2723,382,824,6.5932,0.9249,1.9952
56,0,0,0,0.0004,0,0,2741,402,786,6.6368,0.9734,1.9031
57,0,0,0,0.0004,0,0,2753,371,805,6.6659,0.8983,1.9492
58,0,0,0,0.0004,0,0,2777,380,772,6.724,0.9201,1.8692
59,0,0,0,0.0004,0,0,2754,392,783,6.6683,0.9492,1.8959
60,0,0,0,0.0004,0,0,2687,441,801,6.5061,1.0678,1.9395
61,0,0,0,0.0004,0,0,2752,378,799,6.6634,0.9153,1.9346
62,0,0,0,0.0004,0,0,2774,384,771,6.7167,0.9298,1.8668
63,0,0,0,0.0004,0,0,2728,417,784,6.6053,1.0097,1.8983
64,0,0,0,0,0,0,2723,385,821,6.5932,0.9322,1.9879
65,0,0,0,0.0004,0,0,2766,382,781,6.6973,0.9249,1.891
66,0,0,0,0,0,0,2754,405,770,6.6683,0.9806,1.8644
67,0,0,0,0,0,0,2700,442,787,6.5375,1.0702,1.9056
68,0,0,0,0,0,0,2742,376,811,6.6392,0.9104,1.9637
69,0,0,0,0,0,0,2743,383,803,6.6416,0.9274,1.9443
70,0,0,0,0.0004,0,0,2751,396,782,6.661,0.9588,1.8935
71,0,0,0,0,0.0026,0,2750,379,800,6.6586,0.9177,1.937
72,0,0,0,0.0004,0,0,2759,360,810,6.6804,0.8717,1.9613
73,0,0,0,0,0.0026,0,2733,388,808,6.6174,0.9395,1.9564
74,0,0,0,0.0004,0,0,2718,430,781,6.5811,1.0412,1.891
75,0,0,0,0,0,0,2765,413,751,6.6949,1,1.8184
76,0,0,0,0.0004,0,0,2723,397,809,6.5932,0.9613,1.9588
77,0,0,0,0,0,0,2676,400,853,6.4794,0.9685,2.0654
78,0,0,0,0.0004,0,0,2750,423,756,6.6586,1.0242,1.8305
79,0,0,0,0.0004,0,0,2737,392,800,6.6271,0.9492,1.937
80,0,0,0,0.0004,0,0,2770,390,769,6.707,0.9443,1.862
81,0,0,0,0,0.0026,0,2761,380,788,6.6852,0.9201,1.908
82,0,0,0,0,0,0,2738,413,778,6.6295,1,1.8838
83,0,0,0,0.0004,0,0,2722,411,796,6.5908,0.9952,1.9274
84,0,0,0,0.0004,0,0,2768,363,798,6.7022,0.8789,1.9322
85,0,0,0,0.0004,0,0,2746,410,773,6.6489,0.9927,1.8717
86,0,0,0,0.0004,0,0,2798,380,751,6.7748,0.9201,1.8184
87,0,0,0,0.0004,0,0,2762,398,769,6.6877,0.9637,1.862
88,0,0,0,0.0004,0,0,2740,400,789,6.6344,0.9685,1.9104
89,0,0,0,0.0004,0,0,2757,378,794,6.6755,0.9153,1.9225
90,0,0,0,0,0,0,2736,401,792,6.6247,0.9709,1.9177
91,0,0,0,0.0004,0,0,2687,429,813,6.5061,1.0387,1.9685
92,0,0,0,0,0,0,2769,389,771,6.7046,0.9419,1.8668
93,0,0,0,0,0,0,2752,379,798,6.6634,0.9177,1.9322
94,0,0,0,0.0004,0,0,2744,405,780,6.6441,0.9806,1.8886
95,0,0,0,0.0004,0,0,2730,441,758,6.6102,1.0678,1.8354
96,0,0,0,0.0004,0,0,2706,404,819,6.5521,0.9782,1.9831
97,0,0,0,0.0004,0,0,2727,373,829,6.6029,0.9031,2.0073
98,0,0,0,0.0004,0,0,2750,408,771,6.6586,0.9879,1.8668
99,0,0,0,0.0004,0,0,2710,371,848,6.5617,0.8983,2.0533
100,0,0,0,0.0004,0,0,2756,390,783,6.6731,0.9443,1.8959
101,0,0,0,0.0004,0,0,2796,369,764,6.77,0.8935,1.8499
102,0,0,0,0.0004,0,0,2716,374,839,6.5763,0.9056,2.0315
103,0,0,0,0,0,0,2730,390,809,6.6102,0.9443,1.9588
104,0,0,0,0.0004,0,0,2767,357,805,6.6998,0.8644,1.9492
105,0,0,0,0.0004,0,0,2760,378,791,6.6828,0.9153,1.9153
106,0,0,0,0.0004,0,0,2731,413,785,6.6126,1,1.9007
107,0,0,0,0.0004,0,0,2724,429,776,6.5956,1.0387,1.8789
108,0,0,0,0.0004,0,0,2774,389,766,6.7167,0.9419,1.8547
109,0,0,0,0,0,0,2735,379,815,6.6223,0.9177,1.9734
110,0,0,0,0.0004,0,0,2744,434,751,6.6441,1.0508,1.8184
111,0,0,0,0,0.0027,0,2780,367,782,6.7312,0.8886,1.8935
112,0,0,0,0,0,0,2763,375,791,6.6901,0.908,1.9153
113,0,0,0,0.0004,0,0,2748,384,797,6.6538,0.9298,1.9298
114,0,0,0,0.0004,0,0,2762,366,801,6.6877,0.8862,1.9395
115,0,0,0,0.0004,0,0,2745,411,773,6.6465,0.9952,1.8717
116,0,0,0,0.0004,0,0,2774,402,753,6.7167,0.9734,1.8232
117,0,0,0,0.0004,0,0,2728,392,809,6.6053,0.9492,1.9588
118,0,0,0,0.0004,0,0,2745,399,785,6.6465,0.9661,1.9007
119,0,0,0,0.0004,0,0,2772,375,782,6.7119,0.908,1.8935
120,0,0,0,0.0004,0,0,2761,402,766,6.6852,0.9734,1.8547
121,0,0,0,0.0004,0,0,2746,393,790,6.6489,0.9516,1.9128
122,0,0,0,0,0,0,2725,397,807,6.5981,0.9613,1.954
123,0,0,0,0,0,0,2738,413,778,6.6295,1,1.8838
124,0,0,0,0.0004,0,0,2800,349,780,6.7797,0.845,1.8886
125,0,0,0,0.0004,0,0,2722,402,805,6.5908,0.9734,1.9492
126,0,0,0,0.0004,0,0,2722,396,811,6.5908,0.9588,1.9637
127,0,0,0,0,0,0,2735,383,811,6.6223,0.9274,1.9637
128,0,0,0,0,0.0025,0,2705,405,819,6.5496,0.9806,1.9831
129,0,0,0,0.0004,0,0,2740,400,789,6.6344,0.9685,1.9104
130,0,0,0,0.0004,0,0,2743,416,770,6.6416,1.0073,1.8644
131,0,0,0,0.0004,0,0,2775,412,742,6.7191,0.9976,1.7966
132,0,0,0,0,0.0025,0,2676,409,844,6.4794,0.9903,2.0436
133,0,0,0,0,0,0,2734,418,777,6.6199,1.0121,1.8814
134,0,0,0,0.0004,0,0,2745,420,764,6.6465,1.0169,1.8499
135,0,0,0,0,0,0,2684,382,863,6.4988,0.9249,2.0896
136,0,0,0,0,0,0,2735,397,797,6.6223,0.9613,1.9298
137,0,0,0,0,0.0023,0,2718,435,776,6.5811,1.0533,1.8789
138,0,0,0,0.0004,0,0,2780,380,769,6.7312,0.9201,1.862
139,0,0,0,0,0.0024,0,2724,410,795,6.5956,0.9927,1.9249
140,0,0,0,0.0004,0,0,2738,381,810,6.6295,0.9225,1.9613
141,0,0,0,0,0,0,2763,405,761,6.6901,0.9806,1.8426
142,0,0,0,0.0004,0,0,2809,354,766,6.8015,0.8571,1.8547
143,0,0,0,0.0004,0,0,2784,413,732,6.7409,1,1.7724
144,0,0,0,0,0.0027,0,2794,369,766,6.7651,0.8935,1.8547
145,0,0,0,0.0004,0,0,2776,405,748,6.7215,0.9806,1.8111
146,0,0,0,0.0004,0,0,2745,388,796,6.6465,0.9395,1.9274
147,0,0,0,0.0004,0,0,2734,400,795,6.6199,0.9685,1.9249
148,0,0,0,0.0004,0,0,2725,372,832,6.5981,0.9007,2.0145
149,0,0,0,0,0,0,2710,408,811,6.5617,0.9879,1.9637
150,0,0,0,0.0004,0,0,2742,406,781,6.6392,0.9831,1.891
151,0,0,0,0,0,0,2753,415,761,6.6659,1.0048,1.8426
152,0,0,0,0,0.0028,0,2782,361,786,6.7361,0.8741,1.9031
153,0,0,0,0.0004,0,0,2752,409,768,6.6634,0.9903,1.8596
154,0,0,0,0,0.0024,0,2748,410,771,6.6538,0.9927,1.8668
155,0,0,0,0,0,0,2702,386,841,6.5424,0.9346,2.0363
156,0,0,0,0.0004,0,0,2738,408,783,6.6295,0.9879,1.8959
157,0,0,0,0.0004,0,0,2748,408,773,6.6538,0.9879,1.8717
158,0,0,0,0.0004,0,0,2752,401,776,6.6634,0.9709,1.8789
159,0,0,0,0.0004,0,0,2744,410,775,6.6441,0.9927,1.8765
160,0,0,0,0.0004,0,0,2812,378,739,6.8087,0.9153,1.7893
161,0,0,0,0.0004,0,0,2801,374,754,6.7821,0.9056,1.8257
162,0,0,0,0,0,0,2797,381,751,6.7724,0.9225,1.8184
163,0,0,0,0,0.0026,0,2726,381,822,6.6005,0.9225,1.9903
164,0,0,0,0,0,0,2781,380,768,6.7337,0.9201,1.8596
165,0,0,0,0.0004,0,0,2745,381,803,6.6465,0.9225,1.9443
166,0,0,0,0,0.0024,0,2740,425,764,6.6344,1.0291,1.8499
167,0,0,0,0.0004,0,0,2800,366,763,6.7797,0.8862,1.8475
168,0,0,0,0.0004,0,0,2743,404,782,6.6416,0.9782,1.8935
169,0,0,0,0.0004,0,0,2746,397,786,6.6489,0.9613,1.9031
170,0,0,0,0,0,0,2745,402,782,6.6465,0.9734,1.8935
171,0,0,0,0.0004,0,0,2721,395,813,6.5884,0.9564,1.9685
172,0,0,0,0.0004,0,0,2741,430,758,6.6368,1.0412,1.8354
173,0,0,0,0.0004,0,0,2735,415,779,6.6223,1.0048,1.8862
174,0,0,0,0,0,0,2726,406,797,6.6005,0.9831,1.9298
175,0,0,0,0.0004,0,0,2733,412,784,6.6174,0.9976,1.8983
176,0,0,0,0.0004,0,0,2793,381,755,6.7627,0.9225,1.8281
177,0,0,0,0,0,0,2757,402,770,6.6755,0.9734,1.8644
178,0,0,0,0,0,0,2756,376,797,6.6731,0.9104,1.9298
179,0,0,0,0.0004,0,0,2720,418,791,6.586,1.0121,1.9153
180,0,0,0,0.0004,0,0,2775,374,780,6.7191,0.9056,1.8886
181,0,0,0,0.0004,0,0,2765,374,790,6.6949,0.9056,1.9128
182,0,0,0,0.0004,0,0,2727,408,794,6.6029,0.9879,1.9225
183,0,0,0,0.0004,0,0,2796,377,756,6.77,0.9128,1.8305
184,0,0,0,0.0004,0,0,2757,366,806,6.6755,0.8862,1.9516
185,0,0,0,0.0004,0,0,2726,389,814,6.6005,0.9419,1.9709
186,0,0,0,0.0004,0,0,2763,363,803,6.6901,0.8789,1.9443
187,0,0,0,0.0004,0,0,2795,387,747,6.7676,0.937,1.8087
188,0,0,0,0.0004,0,0,2786,387,756,6.7458,0.937,1.8305
189,0,0,0,0.0004,0,0,2744,380,805,6.6441,0.9201,1.9492
190,0,0,0,0.0004,0,0,2757,411,761,6.6755,0.9952,1.8426
191,0,0,0,0,0,0,2750,411,768,6.6586,0.9952,1.8596
192,0,0,0,0,0.0025,0,2736,403,790,6.6247,0.9758,1.9128
193,0,0,0,0.0004,0,0,2719,403,807,6.5835,0.9758,1.954
194,0,0,0,0.0004,0,0,2776,401,752,6.7215,0.9709,1.8208
195,0,0,0,0,0,0,2765,435,729,6.6949,1.0533,1.7651
196,0,0,0,0,0,0,2781,406,742,6.7337,0.9831,1.7966
197,0,0,0,0.0004,0,0,2769,383,777,6.7046,0.9274,1.8814
198,0,0,0,0.0004,0,0,2693,421,815,6.5206,1.0194,1.9734
199,0,0,0,0.0004,0,0,2756,431,742,6.6731,1.0436,1.7966
200,0,0,0,0.0004,0,0,2776,383,770,6.7215,0.9274,1.8644
201,0,0,0,0,0,0,2711,405,813,6.5642,0.9806,1.9685
202,0,0,0,0.0004,0,0,2822,362,745,6.8329,0.8765,1.8039
203,0,0,0,0.0004,0,0,2781,403,745,6.7337,0.9758,1.8039
204,0,0,0,0.0004,0,0,2743,381,805,6.6416,0.9225,1.9492
205,0,0,0,0.0004,0,0,2729,377,823,6.6077,0.9128,1.9927
206,0,0,0,0.0004,0,0,2772,406,751,6.7119,0.9831,1.8184
207,0,0,0,0,0,0,2760,364,805,6.6828,0.8814,1.9492
208,0,0,0,0.0004,0,0,2701,428,800,6.54,1.0363,1.937
209,0,0,0,0.0004,0,0,2782,388,759,6.7361,0.9395,1.8378
210,0,0,0,0.0004,0,0,2740,418,771,6.6344,1.0121,1.8668
211,0,0,0,0.0004,0,0,2752,382,795,6.6634,0.9249,1.9249
212,0,0,0,0,0,0,2788,363,778,6.7506,0.8789,1.8838
213,0,0,0,0.0004,0,0,2719,391,819,6.5835,0.9467,1.9831
214,0,0,0,0,0.0025,0,2741,393,795,6.6368,0.9516,1.9249
215,0,0,0,0.0004,0,0,2721,391,817,6.5884,0.9467,1.9782
216,0,0,0,0.0004,0,0,2752,391,786,6.6634,0.9467,1.9031
217,0,0,0,0,0,0,2689,407,833,6.5109,0.9855,2.0169
218,0,0,0,0.0004,0,0,2765,414,750,6.6949,1.0024,1.816
219,0,0,0,0,0,0,2766,415,748,6.6973,1.0048,1.8111
220,0,0,0,0.0004,0,0,2765,390,774,6.6949,0.9443,1.8741
221,0,0,0,0.0004,0,0,2775,394,760,6.7191,0.954,1.8402
222,0,0,0,0.0004,0,0,2733,422,774,6.6174,1.0218,1.8741
223,0,0,0,0.0004,0,0,2775,367,787,6.7191,0.8886,1.9056
224,0,0,0,0.0004,0,0,2729,390,810,6.6077,0.9443,1.9613
225,0,0,0,0.0004,0,0,2737,432,760,6.6271,1.046,1.8402
226,0,0,0,0.0004,0,0,2702,396,831,6.5424,0.9588,2.0121
227,0,0,0,0,0.0026,0,2767,380,782,6.6998,0.9201,1.8935
228,0,0,0,0.0004,0,0,2725,414,790,6.5981,1.0024,1.9128
229,0,0,0,0.0004,0,0,2745,387,797,6.6465,0.937,1.9298
230,0,0,0,0.0004,0,0,2759,365,805,6.6804,0.8838,1.9492
231,0,0,0,0.0004,0,0,2728,403,798,6.6053,0.9758,1.9322
232,0,0,0,0.0004,0,0,2763,408,758,6.6901,0.9879,1.8354
233,0,0,0,0.0004,0,0,2769,402,758,6.7046,0.9734,1.8354
234,0,0,0,0.0004,0,0,2736,397,796,6.6247,0.9613,1.9274
235,0,0,0,0.0004,0,0,2753,406,770,6.6659,0.9831,1.8644
236,0,0,0,0.0004,0,0,2755,390,784,6.6707,0.9443,1.8983
237,0,0,0,0.0004,0,0,2717,409,803,6.5787,0.9903,1.9443
238,0,0,0,0.0004,0,0,2734,367,828,6.6199,0.8886,2.0048
239,0,0,0,0,0,0,2725,406,798,6.5981,0.9831,1.9322
240,0,0,0,0.0004,0,0,2765,395,769,6.6949,0.9564,1.862
241,0,0,0,0.0004,0,0,2731,399,799,6.6126,0.9661,1.9346
242,0,0,0,0,0,0,2721,380,828,6.5884,0.9201,2.0048
243,0,0,0,0,0.0026,0,2760,383,786,6.6828,0.9274,1.9031
244,0,0,0,0.0004,0,0,2825,392,712,6.8402,0.9492,1.724
245,0,0,0,0.0004,0,0,2782,405,742,6.7361,0.9806,1.7966
246,0,0,0,0.0004,0,0,2759,396,774,6.6804,0.9588,1.8741
247,0,0,0,0.0004,0,0,2735,409,785,6.6223,0.9903,1.9007
248,0,0,0,0.0004,0,0,2722,393,814,6.5908,0.9516,1.9709
249,0,0,0,0.0004,0,0,2663,405,861,6.4479,0.9806,2.0847
250,0,0,0,0.0004,0,0,2724,381,824,6.5956,0.9225,1.9952
251,0,0,0,0.0004,0,0,2755,391,783,6.6707,0.9467,1.8959
252,0,0,0,0.0004,0,0,2759,395,775,6.6804,0.9564,1.8765
253,0,0,0,0.0004,0,0,2765,395,769,6.6949,0.9564,1.862
254,0,0,0,0.0004,0,0,2727,391,811,6.6029,0.9467,1.9637
255,0,0,0,0,0.0024,0,2719,423,787,6.5835,1.0242,1.9056
256,0,0,0,0.0004,0,0,2760,346,823,6.6828,0.8378,1.9927
257,0,0,0,0.0004,0,0,2731,396,802,6.6126,0.9588,1.9419
258,0,0,0,0,0.0025,0,2693,402,834,6.5206,0.9734,2.0194
259,0,0,0,0.0004,0,0,2757,407,765,6.6755,0.9855,1.8523
260,0,0,0,0.0004,0,0,2690,423,816,6.5133,1.0242,1.9758
261,0,0,0,0.0004,0,0,2716,405,808,6.5763,0.9806,1.9564
262,0,0,0,0,0,0,2747,403,779,6.6513,0.9758,1.8862
263,0,0,0,0,0.0024,0,2739,415,775,6.632,1.0048,1.8765
264,0,0,0,0.0004,0,0,2783,408,738,6.7385,0.9879,1.7869
265,0,0,0,0.0004,0,0,2741,392,796,6.6368,0.9492,1.9274
266,0,0,0,0,0,0,2782,374,773,6.7361,0.9056,1.8717
267,0,0,0,0.0004,0,0,2741,398,790,6.6368,0.9637,1.9128
268,0,0,0,0,0.0025,0,2719,405,805,6.5835,0.9806,1.9492
269,0,0,0,0.0004,0,0,2795,397,737,6.7676,0.9613,1.7845
270,0,0,0,0,0.0026,0,2758,388,783,6.678,0.9395,1.8959
271,0,0,0,0,0.0024,0,2690,410,829,6.5133,0.9927,2.0073
272,0,0,0,0.0004,0,0,2770,376,783,6.707,0.9104,1.8959
273,0,0,0,0,0.0024,0,2716,424,789,6.5763,1.0266,1.9104
274,0,0,0,0.0004,0,0,2772,383,774,6.7119,0.9274,1.8741
275,0,0,0,0.0004,0,0,2694,386,849,6.523,0.9346,2.0557
276,0,0,0,0,0,0,2797,351,781,6.7724,0.8499,1.891
277,0,0,0,0.0004,0,0,2753,388,788,6.6659,0.9395,1.908
278,0,0,0,0.0004,0,0,2773,358,798,6.7143,0.8668,1.9322
279,0,0,0,0.0004,0,0,2740,379,810,6.6344,0.9177,1.9613
280,0,0,0,0.0004,0,0,2740,385,804,6.6344,0.9322,1.9467
281,0,0,0,0.0004,0,0,2773,391,765,6.7143,0.9467,1.8523
282,0,0,0,0,0.0026,0,2752,392,785,6.6634,0.9492,1.9007
283,0,0,0,0,0,0,2725,402,802,6.5981,0.9734,1.9419
284,0,0,0,0.0004,0,0,2747,402,780,6.6513,0.9734,1.8886
285,0,0,0,0.0004,0,0,2772,398,759,6.7119,0.9637,1.8378
286,0,0,0,0,0,0,2751,407,771,6.661,0.9855,1.8668
287,0,0,0,0,0,0,2733,399,797,6.6174,0.9661,1.9298
288,0,0,0,0.0004,0,0,2745,386,798,6.6465,0.9346,1.9322
289,0,0,0,0,0,0,2714,405,810,6.5714,0.9806,1.9613
290,0,0,0,0.0004,0,0,2757,394,778,6.6755,0.954,1.8838
291,0,0,0,0.0004,0,0,2762,417,750,6.6877,1.0097,1.816
292,0,0,0,0.0004,0,0,2742,395,792,6.6392,0.9564,1.9177
293,0,0,0,0.0004,0,0,2722,397,810,6.5908,0.9613,1.9613
294,0,0,0,0.0004,0,0,2750,397,782,6.6586,0.9613,1.8935
295,0,0,0,0,0,0,2719,401,809,6.5835,0.9709,1.9588
296,0,0,0,0.0004,0,0,2783,377,769,6.7385,0.9128,1.862
297,0,0,0,0.0004,0,0,2729,379,821,6.6077,0.9177,1.9879
298,0,0,0,0.0004,0,0,2744,396,789,6.6441,0.9588,1.9104
299,0,0,0,0.0004,0,0,2761,385,783,6.6852,0.9322,1.8959
300,0,0,0,0.0004,0,0,2754,390,785,6.6683,0.9443,1.9007
301,0,0,0,0.0004,0,0,2785,389,755,6.7433,0.9419,1.8281
302,0,0,0,0.0004,0,0,2748,390,791,6.6538,0.9443,1.9153
303,0,0,0,0.0004,0,0,2728,396,805,6.6053,0.9588,1.9492
304,0,0,0,0.0004,0,0,2757,376,796,6.6755,0.9104,1.9274
305,0,0,0,0.0004,0,0,2738,394,797,6.6295,0.954,1.9298
306,0,0,0,0.0004,0,0,2785,369,775,6.7433,0.8935,1.8765
307,0,0,0,0,0,0,2743,401,785,6.6416,0.9709,1.9007
308,0,0,0,0.0004,0,0,2747,439,743,6.6513,1.063,1.799
309,0,0,0,0.0004,0,0,2766,376,787,6.6973,0.9104,1.9056
310,0,0,0,0.0004,0,0,2784,378,767,6.7409,0.9153,1.8571
311,0,0,0,0.0004,0,0,2709,393,827,6.5593,0.9516,2.0024
312,0,0,0,0,0,0,2715,397,817,6.5738,0.9613,1.9782
313,0,0,0,0.0004,0,0,2774,368,787,6.7167,0.891,1.9056
314,0,0,0,0.0004,0,0,2711,398,820,6.5642,0.9637,1.9855
315,0,0,0,0.0004,0,0,2764,386,779,6.6925,0.9346,1.8862
316,0,0,0,0,0,0,2742,395,792,6.6392,0.9564,1.9177
317,0,0,0,0.0004,0,0,2708,418,803,6.5569,1.0121,1.9443
318,0,0,0,0.0004,0,0,2725,401,803,6.5981,0.9709,1.9443
319,0,0,0,0.0004,0,0,2747,395,787,6.6513,0.9564,1.9056
320,0,0,0,0.0004,0,0,2778,388,763,6.7264,0.9395,1.8475
321,0,0,0,0,0,0,2740,396,793,6.6344,0.9588,1.9201
322,0,0,0,0,0.0024,0,2714,416,799,6.5714,1.0073,1.9346
323,0,0,0,0.0004,0,0,2745,426,758,6.6465,1.0315,1.8354
324,0,0,0,0.0004,0,0,2692,420,817,6.5182,1.0169,1.9782
325,0,0,0,0.0004,0,0,2767,397,765,6.6998,0.9613,1.8523
326,0,0,0,0.0004,0,0,2764,378,787,6.6925,0.9153,1.9056
327,0,0,0,0,0,0,2792,386,751,6.7603,0.9346,1.8184
328,0,0,0,0.0004,0,0,2771,372,786,6.7094,0.9007,1.9031
329,0,0,0,0,0,0,2712,373,844,6.5666,0.9031,2.0436
330,0,0,0,0,0,0,2754,373,802,6.6683,0.9031,1.9419
331,0,0,0,0.0004,0,0,2768,396,765,6.7022,0.9588,1.8523
332,0,0,0,0.0004,0,0,2776,362,791,6.7215,0.8765,1.9153
333,0,0,0,0.0004,0,0,2751,398,780,6.661,0.9637,1.8886
334,0,0,0,0.0004,0,0,2773,391,765,6.7143,0.9467,1.8523
335,0,0,0,0,0.0026,0,2778,384,767,6.7264,0.9298,1.8571
336,0,0,0,0.0004,0,0,2719,411,799,6.5835,0.9952,1.9346
337,0,0,0,0.0004,0,0,2751,381,797,6.661,0.9225,1.9298
338,0,0,0,0.0004,0,0,2786,391,752,6.7458,0.9467,1.8208
339,0,0,0,0,0,0,2770,415,744,6.707,1.0048,1.8015
340,0,0,0,0.0004,0,0,2748,406,775,6.6538,0.9831,1.8765
341,0,0,0,0.0004,0,0,2750,380,799,6.6586,0.9201,1.9346
342,0,0,0,0.0004,0,0,2716,411,802,6.5763,0.9952,1.9419
343,0,0,0,0,0,0,2754,379,796,6.6683,0.9177,1.9274
344,0,0,0,0,0,0,2707,397,825,6.5545,0.9613,1.9976
345,0,0,0,0,0,0,2769,372,788,6.7046,0.9007,1.908
346,0,0,0,0,0.0026,0,2740,381,808,6.6344,0.9225,1.9564
347,0,0,0,0.0004,0,0,2729,412,788,6.6077,0.9976,1.908
348,0,0,0,0.0004,0,0,2712,413,804,6.5666,1,1.9467
349,0,0,0,0.0004,0,0,2796,360,773,6.77,0.8717,1.8717
350,0,0,0,0,0.0026,0,2737,391,801,6.6271,0.9467,1.9395
351,0,0,0,0.0004,0,0,2767,391,771,6.6998,0.9467,1.8668
352,0,0,0,0,0.0025,0,2733,393,803,6.6174,0.9516,1.9443
353,0,0,0,0.0004,0,0,2749,383,797,6.6562,0.9274,1.9298
354,0,0,0,0.0004,0,0,2738,395,796,6.6295,0.9564,1.9274
355,0,0,0,0,0.0027,0,2792,370,767,6.7603,0.8959,1.8571
356,0,0,0,0.0004,0,0,2754,400,775,6.6683,0.9685,1.8765
357,0,0,0,0.0004,0,0,2805,384,740,6.7918,0.9298,1.7918
358,0,0,0,0.0004,0,0,2746,400,783,6.6489,0.9685,1.8959
359,0,0,0,0.0004,0,0,2732,402,795,6.615,0.9734,1.9249
360,0,0,0,0.0004,0,0,2707,418,804,6.5545,1.0121,1.9467
361,0,0,0,0,0.0025,0,2804,393,732,6.7893,0.9516,1.7724
362,0,0,0,0.0004,0,0,2767,377,785,6.6998,0.9128,1.9007
363,0,0,0,0,0,0,2733,406,790,6.6174,0.9831,1.9128
364,0,0,0,0.0004,0,0,2709,439,781,6.5593,1.063,1.891
365,0,0,0,0.0004,0,0,2717,405,807,6.5787,0.9806,1.954
366,0,0,0,0.0004,0,0,2776,400,753,6.7215,0.9685,1.8232
367,0,0,0,0,0,0,2736,365,828,6.6247,0.8838,2.0048
368,0,0,0,0.0004,0,0,2743,386,800,6.6416,0.9346,1.937
369,0,0,0,0,0.0025,0,2762,396,771,6.6877,0.9588,1.8668
370,0,0,0,0,0.0026,0,2753,388,788,6.6659,0.9395,1.908
371,0,0,0,0.0004,0,0,2757,380,792,6.6755,0.9201,1.9177
372,0,0,0,0.0004,0,0,2727,398,804,6.6029,0.9637,1.9467
373,0,0,0,0,0,0,2764,411,754,6.6925,0.9952,1.8257
374,0,0,0,0,0,0,2729,389,811,6.6077,0.9419,1.9637
375,0,0,0,0.0004,0,0,2768,363,798,6.7022,0.8789,1.9322
376,0,0,0,0,0.0026,0,2755,392,782,6.6707,0.9492,1.8935
377,0,0,0,0.0004,0,0,2714,392,823,6.5714,0.9492,1.9927
378,0,0,0,0.0004,0,0,2707,397,825,6.5545,0.9613,1.9976
379,0,0,0,0,0,0,2743,387,799,6.6416,0.937,1.9346
380,0,0,0,0.0004,0,0,2743,407,779,6.6416,0.9855,1.8862
381,0,0,0,0.0004,0,0,2782,397,750,6.7361,0.9613,1.816
382,0,0,0,0.0004,0,0,2807,378,744,6.7966,0.9153,1.8015
383,0,0,0,0,0.0026,0,2737,383,809,6.6271,0.9274,1.9588
384,0,0,0,0.0004,0,0,2714,412,803,6.5714,0.9976,1.9443
385,0,0,0,0,0.0025,0,2695,406,828,6.5254,0.9831,2.0048
386,0,0,0,0.0004,0,0,2770,396,763,6.707,0.9588,1.8475
387,0,0,0,0,0,0,2780,392,757,6.7312,0.9492,1.8329
388,0,0,0,0,0.0025,0,2735,406,788,6.6223,0.9831,1.908
389,0,0,0,0,0.0027,0,2763,377,789,6.6901,0.9128,1.9104
390,0,0,0,0.0004,0,0,2781,361,787,6.7337,0.8741,1.9056
391,0,0,0,0.0004,0,0,2770,374,785,6.707,0.9056,1.9007
392,0,0,0,0.0004,0,0,2768,407,754,6.7022,0.9855,1.8257
393,0,0,0,0.0004,0,0,2787,407,735,6.7482,0.9855,1.7797
394,0,0,0,0.0004,0,0,2745,396,788,6.6465,0.9588,1.908
395,0,0,0,0.0004,0,0,2737,409,783,6.6271,0.9903,1.8959
396,0,0,0,0.0004,0,0,2767,365,797,6.6998,0.8838,1.9298
397,0,0,0,0,0,0,2741,398,790,6.6368,0.9637,1.9128
398,0,0,0,0.0004,0,0,2738,362,829,6.6295,0.8765,2.0073
399,0,0,0,0.0004,0,0,2743,405,781,6.6416,0.9806,1.891
400,0,0,0,0.0004,0,0,2809,387,733,6.8015,0.937,1.7748
401,0,0,0,0.0004,0,0,2759,392,778,6.6804,0.9492,1.8838
402,0,0,0,0.0004,0,0,2718,414,797,6.5811,1.0024,1.9298
403,0,0,0,0.0004,0,0,2751,414,764,6.661,1.0024,1.8499
404,0,0,0,0.0004,0,0,2734,397,798,6.6199,0.9613,1.9322
405,0,0,0,0.0004,0,0,2755,401,773,6.6707,0.9709,1.8717
406,0,0,0,0,0,0,2770,404,755,6.707,0.9782,1.8281
407,0,0,0,0.0004,0,0,2727,383,819,6.6029,0.9274,1.9831
408,0,0,0,0.0004,0,0,2768,380,781,6.7022,0.9201,1.891
409,0,0,0,0,0,0,2817,370,742,6.8208,0.8959,1.7966
410,0,0,0,0.0004,0,0,2766,405,758,6.6973,0.9806,1.8354
411,0,0,0,0.0004,0,0,2715,378,836,6.5738,0.9153,2.0242
412,0,0,0,0.0004,0,0,2715,406,808,6.5738,0.9831,1.9564
413,0,0,0,0,0,0,2758,391,780,6.678,0.9467,1.8886
414,0,0,0,0.0004,0,0,2728,404,797,6.6053,0.9782,1.9298
415,0,0,0,0,0,0,2732,375,822,6.615,0.908,1.9903
416,0,0,0,0.0004,0,0,2712,398,819,6.5666,0.9637,1.9831
417,0,0,0,0,0,0,2732,404,793,6.615,0.9782,1.9201
418,0,0,0,0.0004,0,0,2706,421,802,6.5521,1.0194,1.9419
419,0,0,0,0.0004,0,0,2774,392,763,6.7167,0.9492,1.8475
420,0,0,0,0.0004,0,0,2768,361,800,6.7022,0.8741,1.937
421,0,0,0,0.0004,0,0,2736,414,779,6.6247,1.0024,1.8862
422,0,0,0,0.0004,0,0,2793,336,800,6.7627,0.8136,1.937
423,0,0,0,0.0004,0,0,2801,409,719,6.7821,0.9903,1.7409
424,0,0,0,0,0,0,2745,379,805,6.6465,0.9177,1.9492
425,0,0,0,0.0004,0,0,2739,394,796,6.632,0.954,1.9274
426,0,0,0,0,0.0024,0,2788,411,730,6.7506,0.9952,1.7676
427,0,0,0,0,0.0023,0,2733,426,770,6.6174,1.0315,1.8644
428,0,0,0,0.0004,0,0,2760,385,784,6.6828,0.9322,1.8983
429,0,0,0,0,0.0025,0,2737,395,797,6.6271,0.9564,1.9298
430,0,0,0,0.0004,0,0,2754,392,783,6.6683,0.9492,1.8959
431,0,0,0,0.0004,0,0,2681,447,801,6.4915,1.0823,1.9395
432,0,0,0,0.0004,0,0,2747,381,801,6.6513,0.9225,1.9395
433,16384,32790,0,0.0004,0,0,2803,368,49932,6.7869,0.891,1.8354
434,0,0,0,0.0004,0,0,2688,432,808,6.5085,1.046,1.9564
435,0,0,0,0,0,0,2741,416,771,6.6368,1.0073,1.8668
436,0,0,0,0.0004,0,0,2714,430,784,6.5714,1.0412,1.8983
437,0,0,0,0.0004,0,0,2732,375,821,6.615,0.908,1.9879
438,0,0,0,0.0004,0,0,2718,412,798,6.5811,0.9976,1.9322
439,0,0,0,0.0004,0,0,2783,388,757,6.7385,0.9395,1.8329
440,0,0,0,0.0004,0,0,2736,410,782,6.6247,0.9927,1.8935
441,0,0,0,0,0,0,2730,398,800,6.6102,0.9637,1.937
442,0,0,0,0.0004,0,0,2759,417,752,6.6804,1.0097,1.8208
443,0,0,0,0.0004,0,0,2773,389,766,6.7143,0.9419,1.8547
444,0,0,0,0.0004,0,0,2760,372,796,6.6828,0.9007,1.9274
445,0,0,0,0.0004,0,0,2675,440,813,6.477,1.0654,1.9685
446,0,0,0,0.0004,0,0,2741,413,774,6.6368,1,1.8741
447,0,0,0,0.0004,0,0,2785,410,733,6.7433,0.9927,1.7748
448,0,0,0,0,0.0025,0,2736,403,789,6.6247,0.9758,1.9104
449,0,0,0,0,0,0,2723,413,792,6.5932,1,1.9177
450,0,0,0,0.0004,0,0,2773,363,792,6.7143,0.8789,1.9177
451,0,0,0,0,0,0,2740,397,791,6.6344,0.9613,1.9153
452,0,0,0,0.0004,0,0,2769,367,792,6.7046,0.8886,1.9177
453,0,0,0,0.0004,0,0,2767,405,756,6.6998,0.9806,1.8305
454,0,0,0,0.0004,0,0,2764,367,797,6.6925,0.8886,1.9298
455,0,0,0,0.0004,0,0,2769,387,772,6.7046,0.937,1.8692
456,0,0,0,0.0004,0,0,2791,367,770,6.7579,0.8886,1.8644
457,0,0,0,0,0,0,2728,395,805,6.6053,0.9564,1.9492
458,0,0,0,0.0004,0,0,2714,378,836,6.5714,0.9153,2.0242
459,0,0,0,0.0004,0,0,2733,377,818,6.6174,0.9128,1.9806
460,0,0,0,0.0004,0,0,2767,348,813,6.6998,0.8426,1.9685
461,0,0,0,0,0.0025,0,2771,395,762,6.7094,0.9564,1.845
462,0,0,0,0.0004,0,0,2753,406,769,6.6659,0.9831,1.862
463,0,0,0,0.0004,0,0,2714,408,806,6.5714,0.9879,1.9516
464,0,0,0,0.0004,0,0,2779,387,762,6.7288,0.937,1.845
465,0,0,0,0,0,0,2743,433,752,6.6416,1.0484,1.8208
466,0,0,0,0.0004,0,0,2715,380,833,6.5738,0.9201,2.0169
467,0,0,0,0.0004,0,0,2738,372,818,6.6295,0.9007,1.9806
468,0,0,0,0.0004,0,0,2714,413,801,6.5714,1,1.9395
469,0,0,0,0,0,0,2744,400,784,6.6441,0.9685,1.8983
470,0,0,0,0,0,0,2720,380,828,6.586,0.9201,2.0048
471,0,0,0,0,0,0,2723,373,832,6.5932,0.9031,2.0145
472,0,0,0,0.0004,0,0,2741,407,780,6.6368,0.9855,1.8886
473,0,0,0,0.0004,0,0,2770,399,759,6.707,0.9661,1.8378
474,0,0,0,0.0004,0,0,2730,427,771,6.6102,1.0339,1.8668
475,0,0,0,0.0004,0,0,2763,372,793,6.6901,0.9007,1.9201
476,0,0,0,0,0.0025,0,2715,394,819,6.5738,0.954,1.9831
477,0,0,0,0,0.0028,0,2769,363,796,6.7046,0.8789,1.9274
478,0,0,0,0.0004,0,0,2750,393,785,6.6586,0.9516,1.9007
479,0,0,0,0,0,0,2692,417,819,6.5182,1.0097,1.9831
480,0,0,0,0.0004,0,0,2729,417,782,6.6077,1.0097,1.8935
481,0,0,0,0.0004,0,0,2726,389,813,6.6005,0.9419,1.9685
482,0,0,0,0.0004,0,0,2760,396,772,6.6828,0.9588,1.8692
483,0,0,0,0.0004,0,0,2771,383,774,6.7094,0.9274,1.8741
484,0,0,0,0.0004,0,0,2757,384,787,6.6755,0.9298,1.9056
485,0,0,0,0.0004,0,0,2789,412,727,6.753,0.9976,1.7603
486,0,0,0,0.0004,0,0,2739,393,796,6.632,0.9516,1.9274
487,0,0,0,0.0004,0,0,2761,413,754,6.6852,1,1.8257
488,0,0,0,0.0004,0,0,2754,363,811,6.6683,0.8789,1.9637
489,0,0,0,0.0004,0,0,2791,376,761,6.7579,0.9104,1.8426
490,0,0,0,0.0004,0,0,2772,394,762,6.7119,0.954,1.845
491,0,0,0,0,0,0,2730,388,810,6.6102,0.9395,1.9613
492,0,0,0,0.0004,0,0,2744,402,782,6.6441,0.9734,1.8935
493,0,0,0,0.0004,0,0,2795,350,783,6.7676,0.8475,1.8959
494,0,0,0,0.0004,0,0,2745,390,793,6.6465,0.9443,1.9201
495,0,0,0,0.0004,0,0,2748,409,771,6.6538,0.9903,1.8668
496,0,0,0,0.0004,0,0,2725,410,793,6.5981,0.9927,1.9201
497,0,0,0,0,0,0,2686,409,833,6.5036,0.9903,2.0169
498,0,0,0,0,0,0,2756,385,787,6.6731,0.9322,1.9056
499,0,0,0,0,0,0,2755,379,794,6.6707,0.9177,1.9225
500,0,2,0,0,0,0,2761,353,814,0,0,0
